id;name;adress;email_domain
1;platforms deposit;monitoring Loan;generating impactful
2;Realigned;quantify Industrial Metrics;Frozen
3;Sleek;Credit maroon;overriding France
4;invoice Coves bifurcated;Shirt withdrawal Lead;Buckinghamshire Togo
5;Unbranded index communities;Outdoors Home bandwidth-monitored;Planner Director Table
6;conglomeration;Indiana dynamic;THX
7;Mexico PNG;multi-byte;Money mission-critical Licensed
8;modular;Security standardization Toys;dynamic
9;synthesizing middleware;function;Principal indexing
10;cross-platform;Future-proofed;users
